id,first_name,middle_name,surname,full_name,alias,pages
"Agnolo, Baccio d' (Baccio Baglioni)",Baccio,d',Agnolo,Baccio d' Agnolo,Baccio Baglioni,102 91 98
"Aimo, Domenico (Vecchio of Bologna)",Domenico,,Aimo,Domenico Aimo,Vecchio of Bologna,28
"Albertinelli, Mariotto",Mariotto,,Albertinelli,Mariotto Albertinelli,,212 217 86
"Alberto, Antonio",Antonio,,Alberto,Antonio Alberto,,13
"Allori, Alessandro (Alessandro del Bronzino)",Alessandro,,Allori,Alessandro Allori,Alessandro del Bronzino,127
"Amalteo, Pomponio",Pomponio,,Amalteo,Pomponio Amalteo,,154 155
"Anguisciuola, Sofonisba",Sofonisba,,Anguisciuola,Sofonisba Anguisciuola,,127 128
Apelles,Apelles,,,Apelles,,14
"Aspertini, Amico",Amico,,Aspertini,Amico Aspertini,,125 207 208 209 210 211
"Bagnacavallo, Bartolommeo da (Bartolommeo Ramenghi)",Bartolommeo,,da Bagnacavallo,Bartolommeo da Bagnacavallo,Bartolommeo Ramenghi,207 208 209
"Bagnacavallo, Giovan Battista da",Giovan,Battista,da Bagnacavallo,Giovan Battista da Bagnacavallo,,201
"Baldovinetti, Alesso",Alesso,,Baldovinetti,Alesso Baldovinetti,,88 92
"Bandinelli, Baccio (Baccio de' Brandini)",Baccio,,Bandinelli,Baccio Bandinelli,Baccio de' Brandini,135 27 36 5 57 96 97 98
"Barbiere, Domenico del",Domenico,del,Barbiere,Domenico del Barbiere,,201
"Barile, Gian (of Florence)",Gian,,Barile,Gian Barile,Gian of Florence,86
Battistino,Battistino,,,Battistino,,193 194
Baviera,Baviera,,,Baviera,,194
"Bazzi, Giovanni Antonio (Il Sodoma)",Giovanni,Antonio,Bazzi,Giovanni Antonio Bazzi,Il Sodoma,73
"Beccafumi, Domenico (Domenico di Pace)",Domenico,,Beccafumi,Domenico Beccafumi,Domenico di Pace,153 163 74
Bellini family,Bellini,,family,Bellini family,,262
"Bellini, Giovanni",Giovanni,,Bellini,Giovanni Bellini,,145 146 260 264
"Bembo, Giovan Francesco (Giovan Francesco Vetraio)",Giovan,Francesco,Bembo,Giovan Francesco Bembo,Giovan Francesco Vetraio,180
Benedetto (pupil of Giovanni Antonio Sogliani),Benedetto,,,Benedetto,pupil of Giovanni Antonio Sogliani,165
"Bernazzano, Cesare",Cesare,,Bernazzano,Cesare Bernazzano,,141
"Biagio, Raffaello di",Raffaello,,di Biagio,Raffaello di Biagio,,231 232
"Bicci, Lorenzo di",Lorenzo,,di Bicci,Lorenzo di Bicci,,5
"Boccaccino, Boccaccio",Boccaccio,,Boccaccino,Boccaccio Boccaccino,,58 59 60
"Boccaccino, Camillo",Camillo,,Boccaccino,Camillo Boccaccino,,59 60
"Boccalino, Giovanni (Giovanni Ribaldi)",Giovanni,,Boccalino,Giovanni Boccalino,Giovanni Ribaldi,29
"Bolognese, Biagio (Biagio Pupini)",Biagio,,Bolognese,Biagio Bolognese,Biagio Pupini,208 211
"Boscoli, Maso (Maso dal Bosco)",Maso,,Boscoli,Maso Boscoli,Maso dal Bosco,6
"Bronzino, Agnolo",Agnolo,,Bronzino,Agnolo Bronzino,,127 163
"Buda, Bernardo del (Bernardo Rosselli)",Bernardo,del,Buda,Bernardo del Buda,Bernardo Rosselli,116
"Buonarroti, Michelagnolo",Michelagnolo,,Buonarroti,Michelagnolo Buonarroti,,111 117 128 135 165 190 194 228 23 245 247 261 43 44 45 5 58 6 86
"Busto, Agostino (Il Bambaja)",Agostino,,Busto,Agostino Busto,Il Bambaja,42 43
"Caccianimici, Francesco",Francesco,,Caccianimici,Francesco Caccianimici,,201
"Caccianimici, Vincenzio",Vincenzio,,Caccianimici,Vincenzio Caccianimici,,255 256
"Calavrese, Marco (Marco Cardisco)",Marco,,Calavrese,Marco Calavrese,Marco Cardisco,237 238 239
"Calzolaio, Sandrino del",Sandrino,del,Calzolaio,Sandrino del Calzolaio,,161 165
Capanna (of Siena),Capanna,,,Capanna,Capanna of Siena,74
"Caraglio, Giovanni Jacopo",Giovanni,Jacopo,Caraglio,Giovanni Jacopo Caraglio,,194
"Caravaggio, Polidoro da (Polidoro Caldara)",Polidoro,,da Caravaggio,Polidoro da Caravaggio,Polidoro Caldara,175 176 177 178 179 180 181 182 183 184 185
"Carpi, Girolamo da (Girolamo da Ferrara)",Girolamo,,da Carpi,Girolamo da Carpi,Girolamo da Ferrara,154
"Carrara, Antonio da",Antonio,,da Carrara,Antonio da Carrara,,8
"Castagno, Andrea dal (Andrea degli Impiccati)",Andrea,,dal Castagno,Andrea dal Castagno,Andrea degli Impiccati,116
"Castelfranco, Giorgione da",Giorgione,,da Castelfranco,Giorgione da Castelfranco,,149 228 262
"Castellani, Leonardo",Leonardo,,Castellani,Leonardo Castellani,,238
"Castrocaro, Gian Jacopo da",Gian,Jacopo,da Castrocaro,Gian Jacopo da Castrocaro,,50
"Cattaneo, Danese (Danese da Carrara)",Danese,,Cattaneo,Danese Cattaneo,Danese da Carrara,135
"Cellini, Benvenuto",Benvenuto,,Cellini,Benvenuto Cellini,,135
"Cicilia, Il",Il,,Cicilia,Il Cicilia,,8
"Cimabue, Giovanni",Giovanni,,Cimabue,Giovanni Cimabue,,177
"Cioli, Simone",Simone,,Cioli,Simone Cioli,,30
Claudio (of Paris),Claudio,,,Claudio,Claudio of Paris,201
"Coda, Benedetto (Benedetto da Ferrara)",Benedetto,,Coda,Benedetto Coda,Benedetto da Ferrara,211 212
"Colle, Raffaello dal (Raffaello dal Borgo)",Raffaello,,dal Colle,Raffaello dal Colle,Raffaello dal Borgo,140 195 196
"Conte, Jacopo del",Jacopo,del,Conte,Jacopo del Conte,,119
"Conti, Domenico",Domenico,,Conti,Domenico Conti,,115 119
"Contucci, Andrea (Andrea Sansovino)",Andrea,,Contucci,Andrea Contucci,Andrea Sansovino,21 22 23 24 25 26 27 28 29 30 31 43 88
"Cosimo, Andrea di (Andrea di Cosimo Feltrini)",Andrea,,di Cosimo,Andrea di Cosimo,Andrea di Cosimo Feltrini,221 228 229 230 231 232 233
"Cosimo, Piero di",Piero,,di Cosimo,Piero di Cosimo,,86
"Cosini, Silvio (Silvio da Fiesole)",Silvio,,Cosini,Silvio Cosini,Silvio da Fiesole,6 7 8
"Cotignola, Francesco da (Francesco de' Zaganelli",Francesco,,da (Francesco de' Zaganelli Cotignola,Francesco da (Francesco de' Zaganelli Cotignola,,265 266
"Cotignola, Girolamo da (Girolamo Marchesi)",Girolamo,,da Cotignola,Girolamo da Cotignola,Girolamo Marchesi,207 211 212
"Credi, Lorenzo di",Lorenzo,,di Credi,Lorenzo di Credi,,159 49 50 51 52
"Credi, Maestro",Credi,,,Maestro Credi,,49
"Crescione, Giovan Filippo",Giovan,Filippo,Crescione,Giovan Filippo Crescione,,238
"Cristofano, Agnolo di",Agnolo,,di Cristofano,Agnolo di Cristofano,,223
"Cronaca, Il (Simone del Pollaiuolo)",Il,,Cronaca,Il Cronaca,Simone del Pollaiuolo,22
Della Robbia family,Della,Robbia,family,Della Robbia family,,22
Donato (Donatello),Donato,,,Donato,Donatello,23
"Donnino, Agnolo di",Agnolo,,di ino,Don Agnolo di ino,,38
"Dossi, Battista",Battista,,Dossi,Battista Dossi,,139 140 141
"Dossi, Dosso",Dosso,,Dossi,Dosso Dossi,,139 140 141
"Dï¿½rer, Albrecht",Albrecht,,Dï¿½rer,Albrecht Dï¿½rer,,96
"Fagiuoli, Girolamo",Girolamo,,Fagiuoli,Girolamo Fagiuoli,,250
"Feltro, Morto da",Morto,,da Feltro,Morto da Feltro,,227 228 229 230
"Ferrari, Gaudenzio",Gaudenzio,,Ferrari,Gaudenzio Ferrari,,81
"Ferrucci, Francesco di Simone",Francesco,,di Simone Ferrucci,Francesco di Simone Ferrucci,,3
"Fiesole, Andrea da (Andrea Ferrucci)",Andrea,,da Fiesole,Andrea da Fiesole,Andrea Ferrucci,11 3 4 5 6 7 8
"Floriani, Antonio",Antonio,,Floriani,Antonio Floriani,", Francesco Floriani",148 149
"Florigorio, Bastianello (Sebastiano Florigerio)",Bastianello,,Florigorio,Bastianello Florigorio,Sebastiano Florigerio,148
"Fontana, Prospero",Prospero,,Fontana,Prospero Fontana,,213
Francesco of Orleans,Francesco of Orleans,,,Francesco of Orleans,,201
"Francesco, Mariotto di",Mariotto,,di Francesco,Mariotto di Francesco,,231 232 233
Franciabigio (Francia),Franciabigio,,,Franciabigio,Francia,101 103 104 217 218 219 220 221 222 223 231 232 86 87 88 89 91 93
"Genga, Girolamo",Girolamo,,Genga,Girolamo Genga,,140 15 16
"Ghirlandajo, Michele di Ridolfo",Michele,,di Ridolfo Ghirlandajo,Michele di Ridolfo Ghirlandajo,,165
"Ghirlandajo, Ridolfo",Ridolfo,,Ghirlandajo,Ridolfo Ghirlandajo,,220 231
Giotto,Giotto,,,Giotto,,21
Girolamo,Girolamo,,,Girolamo,,60
"Granacci, Francesco (Il Granaccio)",Francesco,,Granacci,Francesco Granacci,Il Granaccio,231 97 98
"Grassi, Giovan Battista",Giovan,Battista,Grassi,Giovan Battista Grassi,,148
"Guazzetto, Il (Lorenzo Naldino)",Il,,Guazzetto,Il Guazzetto,Lorenzo Naldino,201
"Imola, Innocenzio da (Innocenzio Francucci)",Innocenzio,,da Imola,Innocenzio da Imola,Innocenzio Francucci,207 209 212 213
Jacone (Jacopo),Jacone,,,Jacone,Jacopo,119
"Lappoli, Giovanni Antonio",Giovanni,Antonio,Lappoli,Giovanni Antonio Lappoli,,196 197 198
Leonardo (the Fleming),Leonardo,,,Leonardo,the Fleming,201
"Liberale, Gensio",Gensio,,Liberale,Gensio Liberale,,149
"Licinio, Giovanni Antonio (Cuticello, or Pordenone)",Giovanni,Antonio,Licinio,Giovanni Antonio Licinio,"Cuticello, Pordenone",145 146 147 148 149 150 151 152 153 154 155
"Lippi, Filippo (Filippino)",Filippo,,Lippi,Filippo Lippi,Filippino,87
"Lombardi, Alfonso",Alfonso,,Lombardi,Alfonso Lombardi,,131 132 133 134 135 136 210
"Lombardo, Girolamo (Girolamo Ferrarese)",Girolamo,,Lombardo,Girolamo Lombardo,Girolamo Ferrarese,24 28 29 30
Lorenzo of Picardy,Lorenzo of Picardy,,,Lorenzo of Picardy,,201
"Lotti, Lorenzetto (Lorenzo)",Lorenzetto,,Lotti,Lorenzetto Lotti,Lorenzo,55 56 57 58
"Lotto, Lorenzo",Lorenzo,,Lotto,Lorenzo Lotto,,261 262 263 264
"Lucrezia, Madonna",Madonna,,Lucrezia,Madonna Lucrezia,,127
"Luini, Bernardino (Bernardino del Lupino)",Bernardino,,Luini,Bernardino Luini,Bernardino del Lupino,60
"Lunetti, Tommaso di Stefano",Tommaso,,di Stefano Lunetti,Tommaso di Stefano Lunetti,,164 231 51 52
"Maiano, Benedetto da",Benedetto,,da Maiano,Benedetto da Maiano,,5
"Maini (Marini), Michele",Michele,,Maini,Michele Maini,Marini,3 4
"Mangone, Giovanni",Giovanni,,Mangone,Giovanni Mangone,,5
"Mansueti, Giovanni",Giovanni,,Mansueti,Giovanni Mansueti,,260
"Marchissi, Antonio di Giorgio",Antonio,,di Giorgio Marchissi,Antonio di Giorgio Marchissi,,4
"Matrice, Cola dalla (Niccola Filotesio)",Cola,,dalla Matrice,Cola dalla Matrice,Niccola Filotesio,238 239
Maturino,Maturino,,,Maturino,,175 176 177 178 179 180 181 182 183 184 185
"Mazzieri, Antonio di Donnino (Antonio di Domenico)",Antonio,,di ino Mazzieri,Don Antonio di ino Mazzieri,Antonio di Domenico,223
"Mazzuoli, Francesco (Parmigiano)",Francesco,,Mazzuoli,Francesco Mazzuoli,Parmigiano,243 244 245 246 247 248 249 250 251 252 253 254 255 256
"Mazzuoli, Girolamo",Girolamo,,Mazzuoli,Girolamo Mazzuoli,,244 245 254 255
"Melighino, Jacomo (Jacopo Melighini)",Jacomo,,Melighino,Jacomo Melighino,Jacopo Melighini,72 73
"Mini, Antonio",Antonio,,Mini,Antonio Mini,,165
"Miniati, Bartolommeo",Bartolommeo,,Miniati,Bartolommeo Miniati,,201
"Mirozzo (Melozzo), Francesco di",Francesco,,di Mirozzo,Francesco di Mirozzo,Melozzo,140
"Modena, Pellegrino da (Pellegrino degli Aretusi, or de' Munari)",Pellegrino,,da Modena,Pellegrino da Modena,"Pellegrino degli Aretusi, de' Munari",176 80 81
"Monte Sansovino, Domenico dal",Domenico,,dal Monte Sansovino,Domenico dal Monte Sansovino,,30
"Montelupo, Baccio da",Baccio,,da Montelupo,Baccio da Montelupo,,41 42 43 44 45 97
"Montelupo, Raffaello da",Raffaello,,da Montelupo,Raffaello da Montelupo,,119 27 41 42 43 44 45
"Monverde, Luca",Luca,,Monverde,Luca Monverde,,147
"Morelli, Giuliano di Niccolï¿½",Giuliano,,di Niccolï¿½ Morelli,Giuliano di Niccolï¿½ Morelli,,73
"Mosca, Simone",Simone,,Mosca,Simone Mosca,,44
"Neroni, Bartolommeo (Riccio)",Bartolommeo,,Neroni,Bartolommeo Neroni,Riccio,73
"Nola, Giovanni da",Giovanni,,da Nola,Giovanni da Nola,,137 138 139
"Pagani, Lattanzio",Lattanzio,,Pagani,Lattanzio Pagani,,212
"Palma, Jacopo (Palma Vecchio)",Jacopo,,Palma,Jacopo Palma,Palma Vecchio,259 260 261
"Paris, Domenico di",Domenico,,di Paris,Domenico di Paris,,195
"Peloro, Giovan Battista",Giovan,Battista,Peloro,Giovan Battista Peloro,,73
"Penni, Giovan Francesco (Il Fattore)",Giovan,Francesco,Penni,Giovan Francesco Penni,Il Fattore,201 77 78 79 80
"Penni, Luca",Luca,,Penni,Luca Penni,,201 79
"Perugia, Mariano da",Mariano,,da Perugia,Mariano da Perugia,,263
"Perugino, Pietro (Pietro Vannucci, or Pietro da Castel della Pieve)",Pietro,,Perugino,Pietro Perugino,"Pietro Vannucci, Pietro da Castel della Pieve",230 49 50 87
"Peruzzi, Baldassarre (Baldassarre da Siena)",Baldassarre,,Peruzzi,Baldassarre Peruzzi,Baldassarre da Siena,136 170 176 208 57 63 64 65 66 67 68 69 70 71 72 73 74
"Pietrasanta, Stagio da",Stagio,,da Pietrasanta,Stagio da Pietrasanta,,162
"Pinturicchio, Bernardino",Bernardino,,Pinturicchio,Bernardino Pinturicchio,,227
"Piombo, Fra Sebastiano Viniziano del (Sebastiano Luciani)",Sebastiano,Viniziano del,Piombo,Fra Sebastiano Viniziano del Piombo,Sebastiano Luciani,66
"Pistoia, Il (Leonardo)",Il,,Pistoia,Il Pistoia,Leonardo,79 80
Plautilla,Plautilla,,,Plautilla,,126
"Poggini, Zanobi",Zanobi,,Poggini,Zanobi Poggini,,106
"Poggino, Zanobi di",Zanobi,,di Poggino,Zanobi di Poggino,,165
"Pollaiuolo, Antonio",Antonio,,Pollaiuolo,Antonio Pollaiuolo,,21
"Polo, Domenico di",Domenico,,di Polo,Domenico di Polo,,135
"Pontormo, Jacopo da (Jacopo Carrucci)",Jacopo,,da Pontormo,Jacopo da Pontormo,Jacopo Carrucci,104 118 135 190 221 222 231 232 93 98
"Prato, Francesco di Girolamo dal",Francesco,,di Girolamo dal Prato,Francesco di Girolamo dal Prato,,135
"Primaticcio, Francesco, Description of Works",Francesco,,Primaticcio,Francesco Primaticcio,,200 201 203
"Puligo, Domenico",Domenico,,Puligo,Domenico Puligo,,109
"Ravenna, Rondinello da (Niccolï¿½ Rondinello)",Rondinello,,da Ravenna,Rondinello da Ravenna,Niccolï¿½ Rondinello,264 265 266
"Robbia, Andrea della",Andrea,,della Robbia,Andrea della Robbia,", Luca della Robbia, the younger",90
"Robbia, Girolamo della",Girolamo,,della Robbia,Girolamo della Robbia,,90
"Romano, Giulio (Giulio Pippi de' Giannuzzi)",Giulio,,Romano,Giulio Romano,Giulio Pippi de' Giannuzzi,108 109 195 55 77 78 79
"Romano, Paolo",Paolo,,Romano,Paolo Romano,,57
"Romano, Virgilio",Virgilio,,Romano,Virgilio Romano,,73
"Rosselli, Cosimo",Cosimo,,Rosselli,Cosimo Rosselli,,229 88
"Rossi, Madonna Properzia de'",Madonna,Properzia de',Rossi,Madonna Properzia de' Rossi,,123 124 125 126 127 128
"Rosso, Il (Giovan Battista de' Rossi)",Il,,Rosso,Il Rosso,Giovan Battista de' Rossi,189 190 191 192 193 194 195 196 197 198 199 200 201 202 203 97
"Rovezzano, Benedetto da",Benedetto,,da Rovezzano,Benedetto da Rovezzano,,35 36 37 38
"Salviati, Francesco (Francesco de' Rossi)",Francesco,,Salviati,Francesco Salviati,Francesco de' Rossi,119
"San Gallo, Antonio da (the elder)",Antonio,,da San Gallo,Antonio da San Gallo,the elder,97
"San Gallo, Antonio da (the younger)",Antonio,,da San Gallo,Antonio da San Gallo,the younger,29 43 58 72
"San Gallo, Aristotile (Bastiano) da",Aristotile,,da San Gallo,Aristotile da San Gallo,Bastiano,97
"San Gallo, Francesco da",Francesco,,da San Gallo,Francesco da San Gallo,,27
"San Gallo, Giuliano da",Giuliano,,da San Gallo,Giuliano da San Gallo,,97
"San Gimignano, Vincenzio da (Vincenzio Tamagni)",Vincenzio,,da San Gimignano,Vincenzio da San Gimignano,Vincenzio Tamagni,11 12 13 14 15 16 17
"San Giorgio, Nannoccio da",Nannoccio,,da San Giorgio,Nannoccio da San Giorgio,,119
"San Marco, Fra Bartolommeo di (Baccio della Porta)",Bartolommeo,,di San Marco,Fra Bartolommeo di San Marco,Baccio della Porta,159 160 194
"Sandro, Jacopo di",Jacopo,,di Sandro,Jacopo di Sandro,,97
"Sandro, Pier Francesco di Jacopo di",Pier,Francesco,di Jacopo di Sandro,Pier Francesco di Jacopo di Sandro,,118 119
"Sansovino, Jacopo (Jacopo Tatti)",Jacopo,,Sansovino,Jacopo Sansovino,Jacopo Tatti,180 218 231 247 31 35 36 5 80 88 92 93 97 98
"Santa Croce, Girolamo",Girolamo,,Santa Croce,Girolamo Santa Croce,,137 138
"Sanzio, Raffaello (Raffaello da Urbino)",Raffaello,,Sanzio,Raffaello Sanzio,Raffaello da Urbino,107 108 109 11 117 12 126 13 14 15 169 175 191 194 201 207 208 213 222 245 247 55 56 66 72 77 78 79 80 81
"Sarto, Andrea del (Andrea d' Agnolo)",Andrea,del,Sarto,Andrea del Sarto,Andrea d' Agnolo,100 101 102 103 104 105 106 107 108 109 110 111 112 113 114 115 116 117 118 119 120 164 194 217 218 219 220 221 231 85 86 87 88 89 90 91 92 93 94 95 96 97 98 99
Schizzone,Schizzone,,,Schizzone,,12
"Serlio, Sebastiano",Sebastiano,,Serlio,Sebastiano Serlio,,72
"Sesto, Cesare da (Cesare da Milano)",Cesare,,da Sesto,Cesare da Sesto,Cesare da Milano,141 65
"Settignano, Solosmeo da (Antonio di Giovanni)",Solosmeo,,da Settignano,Solosmeo da Settignano,Antonio di Giovanni,118
"Sguazzella, Andrea",Andrea,,Sguazzella,Andrea Sguazzella,,100 118
"Siena, Francesco da",Francesco,,da Siena,Francesco da Siena,,71 73
"Siena, Michelagnolo da",Michelagnolo,,da Siena,Michelagnolo da Siena,,136 137 69
Simone of Paris,Simone of Paris,,,Simone of Paris,,201
"Soggi, Niccolï¿½",Niccolï¿½,,Soggi,Niccolï¿½ Soggi,,109 110 196
"Sogliani, Giovanni Antonio",Giovanni,Antonio,Sogliani,Giovanni Antonio Sogliani,,159 160 161 162 163 164 165 166 51
"Spadari, Benedetto",Benedetto,,Spadari,Benedetto Spadari,,195 196
Stefano of Florence (Stefano Lunetti),Stefano of Florence,,,Stefano of Florence,Stefano Lunetti,51
"Tasso, Giuliano del",Giuliano,del,Tasso,Giuliano del Tasso,,97
"Tasso, Leonardo del",Leonardo,del,Tasso,Leonardo del Tasso,,31
"Titi, Santi",Santi,,Titi,Santi Titi,,160
"Tozzo, Antonio del (Antonio del Rozzo)",Antonio,del,Tozzo,Antonio del Tozzo,Antonio del Rozzo,73
"Trento, Antonio da (Antonio Fantuzzi)",Antonio,,da Trento,Antonio da Trento,Antonio Fantuzzi,249 250
"Treviso, Girolamo da (Girolamo Trevigi)",Girolamo,,da Treviso,Girolamo da Treviso,Girolamo Trevigi,169 170 171 68
Tribolo (Niccolï¿½),Tribolo,,,Tribolo,Niccolï¿½,136 233 28 6
"Ubertini, Francesco (Francesco d' Albertino, or Il Bacchiacca)",Francesco,,Ubertini,Francesco Ubertini,"Francesco d' Albertino, Il Bacchiacca",222
"Udine, Giovanni da (Giovanni Martini)",Giovanni,,da Udine,Giovanni da Udine,Giovanni Martini,145 146 147
"Udine, Giovanni da (Giovanni Nanni, or de' Ricamatori)",Giovanni,,da Udine,Giovanni da Udine,"Giovanni Nanni, de' Ricamatori",155 175 229 238 246 77
"Udine, Martino da (Pellegrino da San Daniele, or Martino di Battista)",Martino,,da Udine,Martino da Udine,"Pellegrino da San Daniele, Martino di Battista",145 146 147 148 149 150
"Urbino, Bramante da",Bramante,,da Urbino,Bramante da Urbino,,26 28 29 65 68 69
"Urbino, Timoteo da (Timoteo della Vite)",Timoteo,,da Urbino,Timoteo da Urbino,Timoteo della Vite,11 12 13 14 15 16 17
"Vaga, Perino del (Perino Buonaccorsi, or de' Ceri)",Perino,del,Vaga,Perino del Vaga,"Perino Buonaccorsi, de' Ceri",153 162 7 77 78 79
"Vasari, Giorgio",Giorgio,,Vasari,Giorgio Vasari,,104 118 126 128 165 17 196 197 201 209 213 219 22 24 250 251 252 256 38 45 49 74 77 79
"Vecelli, Tiziano (Tiziano da Cadore)",Tiziano,,Vecelli,Tiziano Vecelli,Tiziano da Cadore,133 134 152 153 66
"Vercelli, Bernardo da",Bernardo,,da Vercelli,Bernardo da Vercelli,,151
"Verrocchio, Andrea",Andrea,,Verrocchio,Andrea Verrocchio,,49 50 55
"Vicentino, Valerio (Valerio de' Belli)",Valerio,,Vicentino,Valerio Vicentino,Valerio de' Belli,247
"Vinci, Leonardo da",Leonardo,,da Vinci,Leonardo da Vinci,,228 261 49 50 86
"Viniziano, Agostino (Agostino de' Musi)",Agostino,,Viniziano,Agostino Viniziano,Agostino de' Musi,97
Visino,Visino,,,Visino,,223
Vitruvius,Vitruvius,,,Vitruvius,,68 71
"Vittoria, Alessandro",Alessandro,,Vittoria,Alessandro Vittoria,,247
"Volterra, Piero da",Piero,,da Volterra,Piero da Volterra,,64
"Volterra, Zaccaria da (Zaccaria Zacchi)",Zaccaria,,da Volterra,Zaccaria da Volterra,Zaccaria Zacchi,132 45
